init_x,init_y,next_x,next_y
1.515768,0.778258,1.221800,-0.279984
1.898780,0.512770,1.544527,-1.167210
1.715527,1.723999,0.206693,1.218251
1.262686,1.172081,0.598331,1.694211
0.498462,0.570223,-0.741605,0.823149
0.909831,1.301260,0.728482,0.201317
1.027088,1.791655,0.666565,1.558152
0.641809,0.511214,-0.205208,-0.937778
0.047579,0.014341,1.622288,0.320603
1.843280,0.694365,2.465215,1.734195
1.752737,0.039269,-0.819268,-1.051204
1.347667,0.112333,-0.656498,-1.152250
0.029169,1.489944,-0.236577,-0.127204
0.015593,1.375880,0.187669,0.936364
1.778458,1.083375,1.432296,1.438848
1.974151,0.928120,0.330830,0.967811
0.132080,0.139387,2.796801,1.048614
0.648528,0.144278,1.064009,0.521854
1.398785,1.800146,2.784865,1.287508
0.054196,0.470883,-0.924933,0.434299
0.069815,1.373520,-2.356328,0.495159
0.675038,0.298501,0.885356,0.724862
0.176745,0.211130,-0.353972,-0.402231
1.668139,0.190289,0.775884,-0.256339
0.835769,0.654593,0.564490,0.734000
1.622478,1.100621,0.325585,1.514454
0.432972,1.048136,2.377754,2.650231
1.257435,1.554382,-1.060958,1.209153
0.830353,0.030586,0.639505,1.202098
0.587778,1.335137,1.794852,0.755094
0.732255,0.201040,0.174942,-1.098466
0.889088,1.785285,-0.245619,0.426624
1.086619,0.132858,1.526385,0.604872
1.705354,0.572151,1.307211,-1.061548
0.817920,0.573523,1.649832,1.092423
0.380592,1.626727,0.792463,1.639912
0.653817,1.943970,-1.868150,2.846021
1.538244,1.075790,-0.031195,2.600762
1.200804,1.953222,-0.823899,1.543818
0.862221,0.066253,1.371280,-0.004518
0.954776,1.039227,0.210817,-0.540356
0.355717,1.180532,0.690673,0.036797
1.107023,0.929303,-0.662487,0.945957
0.486243,0.008526,2.189576,-0.383423
0.329511,1.954838,-0.155836,-0.677563
1.128736,1.054655,2.185194,-0.549388
1.423000,1.823173,0.486304,0.255316
1.621718,1.210574,0.715987,0.620716
0.491624,0.697899,-0.164363,-0.947450
0.766344,0.360699,0.245479,0.192238
1.189089,1.042846,0.700823,1.124698
1.902341,0.977995,0.898939,0.299152
1.530262,0.948581,2.209658,1.763067
1.286003,0.872681,0.072813,1.820857
0.084335,0.856994,0.347545,-0.528807
1.939338,0.910654,-0.181225,-1.554609
1.489154,1.259405,0.667140,1.408977
1.305356,1.356437,-0.075850,2.238482
0.898190,1.338228,-0.894957,0.483824
1.066585,1.724782,1.500902,1.502922
1.815929,0.108066,2.008779,3.230049
1.939937,0.210689,0.297763,-0.691333
0.014337,0.872807,2.305605,1.812419
1.680257,1.472150,1.521183,1.091441
0.530102,0.506795,-0.244745,-0.584482
1.319068,0.964793,3.027271,-0.001435
0.839679,0.487853,0.630717,2.070007
0.060008,1.760739,0.323262,1.972597
0.461830,1.695503,-1.299869,0.189936
1.338032,0.380196,1.282167,0.954342
0.174541,1.291518,-0.281432,1.166572
0.769580,0.205722,-0.968083,-1.089216
0.640133,1.853098,-1.235724,-1.149080
1.204957,1.852979,2.385472,1.560103
1.505618,0.080744,1.014292,1.956556
1.667684,0.141175,0.302008,-1.148418
0.534950,1.076187,-0.458517,1.923746
0.334402,0.481550,-1.402093,-0.511566
1.565354,1.747445,3.173900,0.934150
0.290819,0.090967,-0.621923,1.088291
1.065597,0.612314,-0.071938,0.507727
1.339865,0.285097,-0.448837,1.366851
0.444048,1.007313,1.645155,2.195986
1.774478,0.050573,0.009870,-0.063010
0.498296,0.248461,-0.155283,-0.050666
1.754983,0.367001,1.151939,-0.237616
0.831191,0.734386,-1.380193,1.691060
0.106061,1.319607,0.913276,-2.340449
0.746437,0.165871,1.112049,-2.584996
1.260605,1.530191,1.273570,-0.639884
1.511251,1.482471,-0.442047,-0.133585
1.928944,1.244045,0.208253,0.365194
1.364380,1.981852,0.887556,1.478302
0.955317,1.464792,-0.932883,1.667956
0.512287,0.000428,0.858848,1.153559
0.069107,0.954477,-0.660127,1.932111
1.060047,0.770287,-0.126220,0.802271
1.956924,1.413156,-0.370212,0.278822
1.245094,0.083871,1.616520,-0.638631
1.732582,0.108346,0.033807,0.328063
0.466884,0.784521,1.120767,0.583049
0.901541,1.002109,2.186892,1.926142
1.265928,0.198046,0.383425,-1.444456
0.264490,0.204784,-0.092095,-1.494709
0.179947,0.995018,-0.094272,0.228623
0.038572,1.032565,-0.155149,0.149440
1.649500,1.182504,1.456134,0.253915
0.209069,0.522388,-0.325195,0.950793
1.331514,1.708314,1.514786,-0.011790
0.324824,1.904674,0.202598,-0.153466
0.655940,0.102178,0.295638,0.443099
0.024318,0.224285,1.014913,0.774927
1.918725,0.020919,1.148989,-1.008047
1.786436,1.068684,-0.448749,-0.013320
0.738512,0.100354,-0.964125,-0.468058
1.865363,0.268651,1.608365,-1.072373
1.669334,0.241367,1.037259,-0.403764
1.938015,0.029059,-0.463375,1.164070
1.489188,0.979315,2.792993,0.915790
0.284276,1.814572,0.455670,1.376092
1.183624,0.394165,0.426775,0.746453
0.773276,1.594495,0.189522,-0.673011
0.707719,0.658878,-0.012040,2.401630
1.422355,1.319281,0.477848,0.541932
0.644148,0.455996,0.204111,-0.275123
0.933780,1.153473,0.738438,-0.245938
1.916113,0.395906,-1.438575,-1.064379
0.670918,1.592986,1.128611,0.042424
1.154270,1.973065,2.222815,0.726520
1.764416,1.193214,1.636552,-1.531467
1.148070,1.832228,-0.449098,0.744898
1.461968,0.298529,0.633384,-0.501088
0.429063,1.112557,-0.177492,2.458434
1.952859,0.759121,1.959987,0.287723
0.507695,0.437160,0.679551,0.152506
0.914673,0.918504,0.078689,-0.695855
0.313424,1.043428,1.138831,0.641349
0.737961,1.943902,1.822944,1.493836
0.151238,1.983563,0.337172,0.631049
0.932995,1.627765,-0.563773,1.741171
0.231980,0.232653,1.970800,0.223711
0.902508,0.811719,0.523713,1.684895
1.039590,1.377910,0.364161,1.606575
1.661728,0.545641,0.735136,-2.201021
1.682743,1.810380,0.306206,0.688102
0.084326,0.635288,0.870142,0.000702
1.121137,1.732758,-0.076958,1.200529
0.147865,1.367494,-0.841630,1.311921
0.801009,0.349549,0.828180,1.157336
0.182836,1.371937,0.132868,0.089071
1.196297,0.375190,0.948885,-0.362157
1.191668,0.434791,2.556008,-1.921029
1.119095,0.689743,-0.506626,0.740022
1.713395,1.727535,2.081667,0.241267
0.611800,0.392272,1.046873,-0.081776
0.438378,1.991157,-0.666993,-0.592236
0.081416,0.907469,0.140290,-0.432447
0.302433,1.142507,1.327132,0.783109
1.224677,1.437563,0.012508,-0.966712
0.680509,0.372988,-1.488823,-0.123589
1.391099,0.623687,1.743888,-0.189728
1.030387,0.376792,-0.385008,1.181650
1.037549,0.340834,0.386343,0.041302
1.609066,1.748303,1.027339,2.644166
1.555676,1.806326,0.245238,2.226575
1.901767,0.451384,1.026359,-0.818958
1.886946,1.895568,1.957779,-0.196420
1.176340,0.208483,0.742965,0.168252
1.574952,0.291495,1.475680,-0.084635
0.249131,0.632499,-0.576420,0.741703
0.952203,0.803327,1.225051,0.765159
1.994686,1.255115,-0.038028,-1.610169
0.701521,1.848944,0.182508,0.651420
0.357903,1.448166,0.365244,-0.023482
1.109813,1.785869,0.190450,0.152490
0.355892,1.176441,0.471018,0.982026
0.148293,0.164162,1.631862,0.684515
0.658998,0.342159,1.383038,0.066641
1.062102,1.247102,-0.043169,0.976360
0.135328,1.090241,-0.241857,0.837694
1.506545,0.644406,0.288674,0.362577
0.207924,0.734961,1.228656,0.634278
0.151661,0.307254,-0.739886,2.086636
1.756351,1.129060,3.326657,-0.835162
0.665238,0.427489,1.687445,2.209763
1.567726,0.068720,1.490646,-0.360395
0.957863,1.642314,0.732396,-1.988082
1.059734,1.991804,1.918319,0.161281
0.283405,0.079276,-0.969303,-0.299959
0.521096,0.069855,1.192287,-0.997094
0.506925,0.255593,0.150876,-1.111207
1.863744,1.472026,1.434140,1.602379
0.491946,0.522474,2.147029,0.257621
1.641818,0.491476,-0.523439,0.995260
1.625467,0.952852,0.498867,0.896482
0.119164,0.057909,0.081032,0.483015
1.298550,1.696868,0.342921,0.915592
0.845395,0.367803,0.790985,0.510120
0.329089,1.230655,0.083242,0.573552
0.732068,1.057890,1.551956,1.231971
0.940628,0.052349,-0.691778,-0.720159
1.959992,0.116833,0.749699,0.321314
0.327624,0.071455,1.228463,-0.195813
1.886930,1.417035,-1.193726,1.106261
1.741380,1.347804,0.884065,0.737098
0.248193,0.363999,1.460375,-0.796176
0.766495,1.116195,1.773563,1.965226
0.846000,0.260138,-1.440494,-0.671448
1.837510,0.663554,1.826477,-0.283343
0.307493,0.616759,2.450035,-1.645526
0.522786,0.611121,0.791844,-0.133572
1.260069,0.309887,0.440398,0.371990
1.961380,0.213129,1.413025,1.109395
0.884965,0.028099,0.237800,-2.586942
1.301031,0.175675,1.377788,0.786787
1.317364,0.379621,0.370488,0.976440
0.347979,1.799944,2.839680,1.562458
1.129137,1.353284,-0.070186,1.315935
0.152699,0.068024,-0.132416,1.190615
0.606478,1.325324,0.008496,0.080364
1.037832,0.092470,1.425847,1.347880
1.684063,0.930139,1.201473,0.797791
1.302861,0.103796,1.346736,-1.234247
0.469260,0.799033,0.590405,1.617127
1.721213,0.456163,1.330407,-0.332834
0.063036,1.348353,1.371871,0.028803
1.761477,0.133292,1.539410,0.104493
0.592114,0.122849,1.344564,0.068944
0.805318,1.829478,0.393380,1.021150
1.191845,1.226402,1.400514,0.942254
1.747968,0.522653,-1.229336,1.018079
0.724041,1.441836,1.249348,2.573173
1.958793,1.081930,0.697127,-0.839716
1.851998,0.057569,0.121111,-0.464338
0.148426,0.851422,0.477681,0.681414
1.999868,1.454595,0.630214,0.989075
1.757586,0.610408,1.546805,0.284078
0.453281,1.181264,0.872355,0.697822
1.324066,1.818572,0.261502,0.756716
1.076527,1.498516,1.918784,-0.029978
1.231725,1.387651,1.010776,1.674984
0.791050,0.469745,-0.796851,1.570211
0.293089,0.045398,1.286365,0.698566
0.504652,1.484245,0.222924,2.238793
0.222443,0.635603,0.562193,0.354930
0.004920,0.391345,-1.374096,-0.226971
1.582888,1.205122,-0.435103,0.953299
1.440974,0.965468,0.521971,1.328418
1.659293,0.058804,-0.048697,-2.256134
0.804814,0.406772,-0.402368,-1.004462
0.561997,0.443174,0.872053,0.635109
0.280834,0.574723,-0.228530,0.168323
1.257091,1.210237,1.657028,0.280162
0.935129,0.604060,0.239985,1.879256
0.156194,0.414372,-0.800688,1.167630
0.347759,1.914604,2.726952,0.647364
0.109322,1.069561,-0.791123,-0.980508
1.109672,0.146091,-1.076190,0.031065
0.711980,1.799472,0.530080,1.588829
1.493938,0.580429,0.576991,-0.545516
1.802409,0.794883,-0.455814,0.708631
0.587425,0.759891,0.867996,0.386009
1.107407,1.826418,-0.978106,1.447861
0.872239,1.876439,0.450460,0.936017
1.645614,0.539600,-0.858058,-0.099579
1.711213,0.757612,1.615137,-0.530332
1.516467,1.379145,1.653029,1.480068
1.775375,1.999457,-0.196156,0.308022
1.393146,0.116430,1.502845,1.511635
0.638917,1.800373,0.702570,-1.090186
0.481312,1.682712,0.273400,-1.168919
1.471790,1.847182,1.543465,0.599594
0.381409,0.086413,-0.208078,1.083278
1.030501,0.435799,0.312199,0.065786
0.229693,1.746644,0.387806,2.988983
1.423008,1.737608,0.261331,0.008809
1.241236,1.042169,0.747235,0.607225
1.977588,1.384450,0.630691,1.003297
0.989143,1.902159,1.807674,0.329089
0.095159,0.945884,0.747221,1.372838
0.311212,1.694025,-0.029457,1.496491
0.188671,0.590141,1.033925,1.154216
1.508258,1.584879,0.339477,1.386612
0.267724,0.046513,-1.117373,-1.256623
1.444162,0.119220,1.578472,-0.887773
0.564197,0.900599,-0.536268,0.538895
1.809900,0.800185,1.757453,-0.973315
0.413433,1.091112,0.122108,1.208118
0.831144,1.204746,0.314357,0.043671
0.576251,1.504856,0.486925,2.285594
0.872181,1.846637,1.093651,1.330058
0.126648,1.113416,0.641295,1.062541
0.723430,1.185153,0.214571,2.599437
1.309580,0.288019,2.196825,1.977221
1.486669,1.671130,2.520598,-0.901400
1.940334,0.352249,1.849759,-0.883158
1.541274,1.241298,0.544098,1.593726
1.262949,0.020863,-0.089393,0.683476
1.035762,0.482504,0.665481,0.459071
0.492535,0.825523,1.781713,1.332283
0.731123,0.544752,-1.197862,1.067318
0.896994,1.908822,0.904204,-0.584311
0.960479,0.631850,0.509054,1.850991
0.950659,0.461285,0.097854,0.338827
0.802293,1.780889,1.571131,1.371468
1.231012,0.115942,0.023770,-1.157949
1.624116,0.066505,1.623786,0.157376
1.353343,0.215480,-0.445293,0.293041
1.457864,1.823741,0.180618,1.101848
0.531161,0.014426,0.385739,-0.718469
0.108526,0.846030,-0.187679,0.340447
1.327813,0.727417,0.214494,-0.757031
0.552062,1.554278,0.774779,0.509574
0.439883,0.109330,0.054091,0.434598
0.718233,1.441788,0.492830,2.256400
0.334764,1.686696,-0.702528,1.493814
1.102190,0.550233,0.449353,-0.873170
1.591754,1.605386,-0.089232,-0.594985
0.570653,0.559270,0.285895,0.038524
1.053457,1.844907,-1.071436,2.073372
1.174930,0.232893,-0.134937,-0.868212
1.036427,0.919654,-0.443151,0.397391
0.138899,0.136228,0.839316,-0.466153
1.597620,0.644602,0.288639,1.967896
0.629589,1.642537,0.752071,0.825642
1.334216,1.530360,-0.061955,1.580985
1.824759,0.210365,0.295977,0.304073
0.746243,1.961183,0.026109,-0.266663
1.619959,1.924493,0.019569,0.687569
1.142248,0.674295,-0.223123,0.377396
1.498186,0.090173,1.320670,0.024639
1.516019,1.205081,0.293601,1.751623
0.097507,1.668795,-0.677004,1.528738
1.343286,0.860738,0.816360,0.810341
1.920070,0.217750,1.378628,-0.679373
0.718254,0.221420,1.233604,0.470184
0.897501,1.117157,-1.344202,1.491974
1.259186,1.933044,0.623403,-0.433851
1.540272,0.275187,0.118568,-1.399046
0.761864,0.475398,-1.179225,0.379157
1.444645,0.081580,-0.388918,0.807922
1.598031,0.825009,1.242643,1.435631
0.712806,1.106351,1.130778,-0.395674
1.277233,1.974404,-0.120519,2.350627
1.171669,0.635298,-0.545777,0.958620
1.808246,1.129248,-0.401891,-0.214400
0.995611,1.360743,-0.313493,1.104864
1.607201,0.675166,-0.586516,0.072755
0.450086,0.818223,1.446199,1.491924
1.243169,0.387238,-1.693451,0.747449
1.758837,1.015484,2.571776,-0.088382
1.313684,1.195765,1.589410,0.763125
0.353863,0.101403,0.989175,0.734806
1.833874,0.018174,2.156150,1.362549
0.522134,0.316211,-0.417466,-0.103369
1.564670,0.652936,0.394607,0.893322
0.751471,1.250059,0.708628,0.427790
0.185566,1.782275,0.668439,0.757268
0.602644,0.308864,-0.253396,0.668807
0.167904,0.671898,-0.892142,0.070074
1.624213,0.073007,1.082694,-0.767824
1.520438,0.058051,0.259305,-0.572778
1.786303,1.763244,2.608041,2.909119
0.318137,0.574876,0.452627,0.734312
1.169441,0.657958,1.373125,0.528342
0.423436,0.914198,-1.075889,2.873623
0.723849,0.507087,2.146919,0.468915
0.644586,1.735172,0.935459,1.853393
1.619741,1.354149,2.088603,1.558205
1.930698,0.284345,1.343369,0.081570
0.873841,0.104995,1.694401,0.821689
1.040996,0.983500,0.119126,0.086488
0.527864,1.665500,1.705101,0.856650
0.614220,0.310650,0.584323,2.519198
0.441308,1.508733,1.005710,1.069848
1.371756,0.060472,-0.536306,0.083239
0.208064,0.547048,0.694548,0.136003
1.466727,0.897293,-0.422458,0.185893
1.830717,0.221804,1.708110,0.953149
0.723386,0.681983,1.849469,0.866706
0.131142,0.870870,0.460799,-0.527811
1.899985,0.844162,1.335018,-0.128246
0.274185,1.722832,0.839588,0.663551
0.624017,1.212552,0.412603,0.911873
1.560210,0.094857,0.629696,-0.600422
0.151980,0.916449,0.583122,0.724251
0.098150,1.847296,0.658599,0.555740
0.592391,1.702971,-0.238164,0.998415
1.985934,0.228681,-0.092495,0.746728
1.013662,1.839135,-0.449886,2.741012
0.167791,0.922468,-0.336770,-0.011636
1.408460,0.527175,0.115710,1.095220
1.170527,1.583197,-0.553038,3.116270
0.756642,1.586893,0.896802,1.328534
1.407326,0.974247,1.300839,1.521721
1.448786,1.428382,0.402831,0.365669
1.488205,1.304400,0.373858,-0.072025
1.010573,0.330893,0.988441,-0.723061
1.486176,0.088210,1.957533,0.473750
0.858488,1.875386,0.912431,-0.991051
1.891368,1.491577,1.898630,1.195183
1.803511,1.476037,1.590127,3.379117
1.680773,1.362757,1.717036,-0.078824
1.532337,1.077983,0.214300,0.403693
1.346249,0.530890,-0.569149,-0.158166
0.482434,1.798444,-0.434688,-1.087490
1.128863,0.855620,0.437764,0.277693
1.956604,1.406878,0.830365,1.148520
1.750980,1.933817,2.600005,0.859833
0.334268,0.917242,-0.760262,-0.890409
0.142515,0.272998,1.622532,1.140417
0.225361,0.568651,1.940867,-0.425778
1.440041,1.092173,-0.193650,0.261575
0.768352,1.797443,-0.458254,1.518938
1.565042,1.711040,0.593581,0.750492
0.545326,0.587063,1.472009,1.578280
1.769902,1.944694,0.615080,0.546497
1.418370,0.972032,0.393312,0.300008
0.536847,0.571448,1.429077,-0.765694
0.450365,0.187516,1.264090,0.896727
0.810222,0.364454,1.123246,0.338020
1.046655,1.924159,0.741006,3.311472
1.939853,0.075847,1.728107,1.674290
1.747697,0.421170,0.741545,-0.147552
0.564078,1.725895,0.811255,0.552125
1.439099,0.551063,0.311393,1.478666
1.352646,1.730148,-0.646700,-0.298732
0.972032,1.408612,-0.471254,2.025696
0.105191,1.758785,-0.394873,2.002844
0.686635,1.034217,1.177171,-0.837858
0.472830,1.238930,0.669350,0.619423
1.745787,1.756308,0.218500,-0.186128
0.115737,0.455049,-0.327798,1.490836
1.349911,0.839508,0.225643,0.162092
1.919340,0.541298,0.166981,0.830992
1.430756,0.328959,-0.803225,0.852995
0.150578,1.201991,-0.519411,1.708871
1.297329,0.328916,1.280760,0.211472
1.289914,0.026577,1.998962,0.817906
0.803727,1.327207,0.640805,1.256834
1.224956,1.196504,0.643533,1.179659
1.565512,0.852523,2.008651,-0.772692
1.000550,0.697231,0.690978,0.570448
0.990788,0.469374,1.438925,-1.514553
1.909754,1.923481,1.057194,0.102758
0.953737,1.115426,-0.690783,0.137948
1.494335,0.628173,-0.038325,0.288749
0.447740,1.005298,1.198950,1.585088
1.835502,0.057260,-0.610754,-0.128416
0.675590,0.611231,0.552320,2.017412
1.439021,0.101874,-0.023206,-0.045497
1.410844,0.976780,0.174990,1.855151
0.522829,1.876952,1.126192,0.676030
1.469853,0.731186,1.947721,1.017911
1.784744,1.680680,-0.565824,-0.420976
0.320336,0.443455,-0.089089,-0.364762
1.315539,0.419872,0.532381,-0.957166
1.661837,1.688510,-1.064156,2.839320
0.263754,0.544228,0.582037,-1.031827
1.621762,1.096620,2.157385,1.414254
0.146209,1.834810,0.218472,1.079681
1.422997,0.497235,1.332065,-2.421686
0.488780,1.259321,-0.117087,1.529420
0.161439,0.259107,-0.704033,1.125626
1.390185,0.982656,-0.572084,0.814617
0.789412,0.617594,1.288522,2.116707
1.745008,0.570066,0.095932,0.655171
0.821713,0.494004,0.031557,0.763358
0.236909,0.701207,0.243522,-0.138786
0.270235,1.986348,0.528605,0.276695
1.834641,0.525560,-0.072145,1.252254
1.022283,1.980210,1.145302,2.142027
0.924856,0.607170,-0.958201,-0.018857
1.938183,1.001024,0.413599,0.122213
0.418525,1.262989,0.633815,-1.027972
0.098405,1.485418,-0.378768,1.525498
1.960429,0.278894,0.390462,-0.291395
1.726028,1.756445,0.170492,0.873730
1.201716,1.856788,0.915244,0.227350
0.427745,0.299280,0.300151,1.247445
0.113636,1.119178,-0.260932,0.639926
0.813706,0.334563,2.652965,3.093887
1.892598,0.017396,1.236894,1.038935
1.377742,0.851358,1.112314,-1.072268
1.460191,0.907839,-0.142324,0.665931
0.240885,0.866966,-0.661781,1.677931
1.569869,0.450887,-0.147854,0.944622
1.734090,0.640266,-0.131177,0.121078
1.336201,0.246551,0.633700,-0.238658
1.769204,0.066790,1.523944,-0.934919
0.727261,0.478282,-1.152165,0.701030
1.011612,1.067236,0.603432,0.524992
1.002170,0.791050,2.087211,1.532651
1.970865,1.737263,1.153195,0.461856
0.956287,0.990430,-0.913512,0.749677
1.136898,0.405775,-0.037111,-0.238366
0.266406,0.956170,-0.128951,1.975772
1.749371,1.544741,0.172275,1.864509
1.539270,0.598289,0.968413,-0.896682
1.067995,1.324672,0.827347,2.514835
1.597262,1.825337,0.460955,2.273593
1.477880,1.585974,2.323676,1.423483
0.021190,0.089526,0.864586,0.018320
1.805073,1.873495,2.286655,0.212082
1.676932,1.696064,0.192950,1.772505
0.498436,1.957828,-1.067409,2.326563
1.444144,0.530383,1.187373,0.802729
0.862934,1.481789,-0.383478,1.514065
1.907945,0.350564,1.047509,0.379919
1.056327,0.390563,1.218094,0.779009
1.510360,0.858544,-0.113338,-1.918025
1.379757,0.795363,1.670611,-0.618931
0.282623,0.775963,-0.074796,1.117748
0.021129,0.020712,0.370730,-0.264362
1.370951,1.056546,0.194715,0.930273
1.227328,1.770985,1.651463,0.892367
1.331114,1.220018,-0.607765,1.404313
1.088641,1.099748,1.822343,0.392046
1.825665,1.832854,1.123474,1.212091
0.396952,1.587378,-0.255769,-0.165704
1.217546,0.205302,-0.470976,-1.150864
0.496809,1.220657,0.557634,1.472276
0.708982,1.239250,-1.434448,0.951337
0.390390,0.851312,1.939960,-0.069890
0.717100,0.118751,-0.764780,1.002124
1.885740,0.048502,0.659587,0.860590
1.436397,1.162551,-0.366940,-0.747899
1.485698,0.952588,0.514133,-0.713050
0.079023,0.787772,0.281875,0.139457
0.484207,0.595409,0.794316,1.525296
1.589108,1.053778,-0.084466,0.146542
1.658425,1.789658,0.935488,0.441334
1.092795,0.631852,0.317388,0.300663
1.276753,1.287300,1.037141,0.645419
1.877876,1.420552,1.094775,1.750026
1.745176,0.427058,2.840125,1.518703
1.099513,0.687447,1.845899,0.710043
0.687334,0.486127,-0.900708,-2.347174
1.580832,0.127883,-0.414036,-0.102313
0.172809,0.525568,0.328928,1.730273
0.227585,1.167589,0.726460,1.333240
1.382304,1.743315,1.835869,0.724533
0.194136,1.678461,-0.033705,0.619557
1.032285,1.855761,0.630941,-1.540606
1.233151,1.663178,1.137710,0.232651
0.711603,0.424029,1.473572,-0.962491
1.346142,0.900141,-0.303915,1.141005
0.807300,1.435122,0.663322,0.015342
0.039604,1.222302,-1.274745,-0.557676
0.414900,0.111106,0.622503,-0.049585
1.522952,0.449616,0.920465,1.686488
0.005566,1.917825,-1.920127,0.999128
1.059072,1.724900,0.566125,-0.003007
0.709210,1.787335,0.506831,-0.150906
0.312622,0.540921,0.676280,0.107505
0.140772,0.103323,0.407273,0.583532
1.260030,1.372651,2.986085,-0.219098
1.020342,0.037065,1.212355,-0.644093
1.140142,1.140360,-0.339133,1.106791
0.895951,0.145924,1.416303,0.253330
0.638882,0.137321,-0.570364,-0.238330
0.717838,0.781542,-1.914248,-0.205733
1.378332,1.193852,2.151916,-0.347751
1.004947,1.389252,1.352906,-0.095449
0.252218,1.109270,-0.714146,1.185501
0.110449,0.499354,1.613117,-0.161914
1.640885,1.334718,-0.564641,-0.079312
1.762233,0.033216,1.590530,0.655765
1.890679,0.797285,1.392160,0.934775
0.121115,0.004531,0.569344,0.130720
1.644808,0.051094,-0.186070,0.767250
0.587870,0.826121,1.645795,0.690433
1.280954,1.477666,1.221123,2.405008
0.340928,0.519700,0.705595,-0.418617
0.238507,0.111003,-1.112901,-0.079270
0.019164,0.078031,0.185267,0.303246
0.546868,0.514593,0.209647,0.538685
1.004618,1.592970,1.633649,1.987929
0.760259,1.936291,1.617208,0.675369
1.265273,0.132875,0.312256,-0.391724
1.671522,0.876505,2.071567,0.327589
0.723553,1.149099,-0.304434,-0.395400
0.718503,1.487810,0.826032,0.887640
1.391819,0.735440,0.605246,2.426606
0.352001,0.917744,0.313201,-0.455934
0.933440,1.951986,2.776620,1.089953
0.996452,0.064069,-1.162937,-0.176540
0.125826,1.516028,-0.852883,-0.312738
1.334128,1.360194,2.365802,-0.593798
1.455507,1.010584,-0.275854,0.305961
1.958248,1.270808,1.094425,0.639515
1.190173,1.165897,1.997001,1.058749
0.324418,0.610882,-2.601468,-1.830467
1.384264,1.201814,2.007133,0.708887
0.376934,0.766226,0.224521,0.963623
1.797447,0.230894,0.123664,-0.634306
0.656929,0.157217,0.321237,1.030262
1.514060,1.311330,2.412142,-1.597762
0.560830,1.170802,0.476661,1.204068
0.629702,1.976147,-0.807713,-0.189698
1.850686,0.659148,0.920329,-0.887115
1.724695,1.775153,1.213226,1.030035
1.365123,0.519885,-0.606704,-0.544314
0.230914,0.812136,1.096179,1.016319
1.160877,0.552755,1.584880,-0.674066
1.500773,0.806439,1.351018,-0.489758
1.627742,0.075577,-2.111975,1.882968
1.314187,0.597581,0.375848,1.124006
1.133225,1.926487,0.834200,1.224048
0.875872,0.854758,1.161079,0.628065
1.534452,0.422407,1.087586,0.641961
0.883464,1.072706,-0.560634,1.242597
1.427348,0.493466,1.425721,0.613531
0.788404,0.341298,-1.180291,-0.281784
0.649839,1.753771,1.454947,-0.169511
1.491700,1.827307,-0.135551,1.213316
1.388993,1.936871,-0.195327,-0.294763
0.683952,0.866341,0.928752,-0.643576
1.142077,0.365380,2.223720,-0.534775
0.419623,0.768070,1.139282,0.607442
1.591992,0.252286,2.147206,0.701594
0.080854,0.063977,-0.342468,0.347573
1.047047,0.911683,2.530091,1.255360
0.641483,1.353472,0.520788,2.671390
1.461360,1.962288,1.846927,2.266154
1.727555,1.204567,-0.392736,-0.910252
0.767229,0.142129,-0.171800,-0.340827
0.060055,0.549643,-1.111147,-1.705695
1.084014,0.651007,0.974651,1.129492
1.660777,0.597643,1.248370,1.059886
0.191937,1.603045,0.998577,1.477435
0.919912,1.688456,2.124977,2.132206
0.312973,0.979135,1.016698,-1.073966
1.469043,1.767810,1.511371,-0.556140
0.883729,1.983783,3.141041,1.221583
0.720531,1.747833,0.522887,-0.633954
1.094282,1.190509,2.295495,-0.335202
1.290581,0.122581,0.293615,-0.221576
1.271653,0.390299,0.229149,1.350115
0.737954,0.202716,-0.516145,1.509650
0.335211,1.667030,0.752081,-0.031904
0.044301,0.402832,-0.781779,1.310413
0.789276,0.156979,-0.020936,-0.187233
1.909207,1.470747,1.026155,0.762670
0.227913,0.500328,-0.829462,0.592013
1.498977,0.042102,1.436114,0.442199
0.852844,1.322031,1.393351,0.397304
0.381933,0.247961,1.448153,-1.854079
1.491439,0.290197,0.081965,-0.228973
1.244200,1.938967,-0.669120,1.990980
1.879714,0.956636,1.429296,0.011797
1.399540,0.250385,2.310322,0.834880
0.516773,1.822257,1.087789,1.070889
0.353252,1.146663,-0.176779,-0.187939
1.230481,1.872913,0.748874,-0.867286
1.799095,0.750208,-0.541321,-0.196792
0.582464,1.190566,1.621771,0.148618
1.688006,1.152221,0.324751,1.140378
0.420187,0.332955,-0.193702,0.607756
1.749118,1.793305,-0.607567,2.109562
0.515797,1.826964,0.310507,-0.587715
1.388307,0.746082,0.007193,-1.721182
0.471944,1.688729,-1.020742,0.405472
1.387738,0.620313,0.162617,-0.939281
1.038646,0.379439,-1.651090,-0.134046
1.854748,1.662614,1.925338,1.809991
1.577807,1.110792,0.673378,0.295727
1.445380,1.851007,1.358467,1.462031
0.603996,1.536694,0.908983,0.674865
1.570396,0.482451,1.708712,-0.163065
1.638286,0.673678,-0.034539,0.779512
0.494701,1.867689,1.249336,1.478528
1.853136,0.767752,0.389374,-0.351584
0.564467,0.925252,-0.067122,1.874739
0.584634,1.386938,0.785459,1.125778
0.887102,0.769252,0.201257,0.594010
0.226688,1.932591,0.879633,0.754164
1.496175,1.560228,1.851028,-0.554985
0.239336,0.993609,-0.386838,0.544596
0.888522,0.644189,1.047890,-0.060836
0.667892,1.335964,-1.317943,0.479511
1.030906,1.849929,-1.491666,1.741575
1.213839,1.843491,0.529842,1.372545
1.266114,1.235119,2.078395,1.689678
1.799845,1.602086,1.972881,0.456495
1.687876,1.490063,1.125917,-0.086464
0.903679,1.715577,1.334734,-0.775284
1.403552,0.454126,0.556503,0.143804
1.956813,0.061400,1.560792,-2.169702
0.268554,1.475386,-0.627767,0.960535
1.321702,1.911677,0.118697,1.539280
1.456142,0.452123,0.902730,-0.155670
1.435401,1.700119,1.292417,0.195034
1.681762,1.100817,0.282006,-0.407149
1.769393,1.002349,-0.280710,0.467280
0.982624,0.019970,0.027599,-1.142233
1.599251,1.183636,0.988568,-0.363196
1.050016,0.893436,-0.516439,-0.077270
1.652831,1.641291,0.743786,1.364932
0.046442,1.685648,-0.531128,0.402157
0.542536,1.856956,1.092180,0.523002
0.574952,1.204545,-0.688137,1.454043
1.651311,1.793990,-0.749335,3.247534
0.253413,0.095584,0.626057,-0.049477
0.759547,1.494224,-0.492154,1.879043
1.322031,0.797714,0.899969,1.835112
1.534538,1.052117,0.091222,-0.076744
1.073717,1.068876,0.500912,0.319997
0.503427,0.554821,-0.732540,2.493827
0.601590,0.265320,-0.948347,0.152619
0.013237,0.145031,-2.254631,-0.809512
1.107286,1.967633,0.737950,0.740786
0.346321,0.129263,0.346276,1.208987
0.559896,0.439007,1.770954,-1.519274
0.205883,0.364142,0.018026,0.940751
1.158674,0.707024,2.422690,-0.366948
1.756711,1.055896,0.113710,-0.764598
1.768023,1.674092,1.169328,1.040160
1.358304,0.119696,-0.832287,1.542401
0.268086,1.887829,0.606741,0.523472
0.446660,1.764033,0.531868,0.683823
0.448164,0.846990,-0.895854,1.938827
0.205557,0.845048,-0.153689,0.385000
1.529007,1.755327,-0.716389,1.055650
0.016469,1.819969,1.720344,0.458257
0.946857,1.516280,1.567668,-0.220996
0.880131,1.401047,0.091225,0.071207
0.549644,1.723176,1.544289,2.467732
1.484989,1.095364,0.218077,-1.849535
0.800904,0.761305,-0.117816,0.783815
0.014495,0.766093,-1.003118,0.332250
0.047632,1.527954,2.378957,2.501908
1.581827,1.445279,1.275507,-0.074639
1.519513,0.283646,-0.939487,-0.022946
0.590219,1.906137,-0.057244,-0.467896
0.935357,0.782892,0.406227,0.149263
0.054894,1.811888,-0.829787,0.756866
1.180094,1.850097,-1.279907,2.146065
0.420307,1.734564,1.218786,0.554629
0.605601,1.335895,1.306336,2.441161
1.414234,0.038689,-0.209624,1.739448
1.615193,0.575543,-1.113195,0.080519
0.558894,1.760200,0.255461,0.364348
1.728757,0.931526,1.956404,0.820033
1.621749,1.077725,1.046613,-1.187139
0.961217,1.110265,-0.753647,0.239371
1.651272,1.494187,-1.333867,-0.340340
0.990226,0.939438,0.984925,1.594357
1.089718,0.804419,1.505772,1.035694
1.623629,1.887524,1.140901,0.725129
0.927519,0.143356,-0.547053,-0.486285
0.989436,0.599073,0.959023,0.045510
0.217787,0.053414,0.590820,-3.042296
1.189071,0.575879,-1.004921,-1.115247
0.103999,0.056528,0.300729,-0.967544
0.884098,0.205981,0.804556,0.847789
0.369831,0.523942,-0.729882,-0.388156
0.854952,1.451534,-0.861018,1.463521
0.619798,0.065974,0.426147,0.872260
1.159508,1.888239,-0.001107,1.545620
1.853621,1.118176,1.115712,0.464745
0.872383,0.281676,1.313589,-0.511724
1.638036,1.107529,1.016273,-0.507643
1.560196,0.878986,-0.255332,0.815212
0.124425,1.915263,1.115530,0.893320
0.467103,1.452967,-0.259110,1.052941
0.959430,1.677086,-0.241953,0.466142
0.125885,1.738596,1.982499,1.903421
1.568998,0.537211,0.155215,2.724235
0.979550,0.126882,0.904483,-0.410353
1.391302,0.688807,1.073077,0.747329
0.546196,1.444125,1.749741,0.898043
0.362275,1.206390,-1.425471,0.630167
0.011265,0.058376,-0.384154,0.245040
0.130889,1.318618,-0.442565,0.965674
1.371364,1.132677,-1.022460,0.379113
0.904936,1.579312,0.680144,0.669230
1.249869,1.533545,1.672841,-1.125849
0.709841,1.279916,1.140341,-0.739047
0.701075,0.993332,0.516039,0.691122
1.685780,1.009694,1.837935,1.023415
0.498496,0.043524,-0.247924,0.479436
0.580697,0.351425,-0.910261,0.962390
0.396667,0.348218,-0.003806,1.725736
0.160124,1.366683,-1.030686,0.096245
1.570420,1.608646,0.538580,0.630707
0.217386,1.090661,0.661243,-0.155180
0.489341,1.464248,-1.669616,1.414133
0.243092,1.678298,-0.602387,1.798875
0.178128,0.358657,-1.244742,0.125793
1.826116,0.248288,0.633051,0.066621
1.168798,1.438270,0.134009,2.629360
1.728480,1.123157,0.385889,-0.690928
1.495924,0.000480,-0.327741,-2.201698
0.511867,1.552593,-0.144179,1.306475
0.928633,0.940105,0.419207,0.583030
0.758361,1.574875,1.897257,-1.372865
0.827528,1.551287,1.499974,0.322746
0.341707,0.503213,0.359442,-0.413472
0.122036,1.046088,1.255039,1.136489
1.549663,0.910537,0.314070,0.905672
0.893312,1.356088,0.856006,1.538898
1.415994,1.774129,-0.127951,1.348565
0.703810,1.453023,0.460887,-0.084583
1.657861,0.447011,2.829028,0.294541
1.116726,1.056141,2.233685,0.919600
1.331773,0.832617,0.089224,0.836516
0.481031,0.369543,-0.594058,2.457675
1.920151,1.101480,0.640412,0.298226
1.087807,1.752395,0.848800,0.675906
1.097842,1.865250,0.805092,-0.294483
0.763115,0.103642,2.346776,0.383395
0.237410,0.643341,0.300086,-0.419534
1.413152,1.682208,0.967304,0.870672
1.278965,1.741459,0.511232,4.226673
0.357837,1.915290,1.956558,3.877187
0.633224,1.889534,0.981551,0.498458
0.615840,1.193102,-0.403917,-0.070919
0.044080,1.653605,-0.420479,-0.242542
1.939370,1.804078,0.449847,0.527041
1.035385,0.726105,1.366264,-0.420531
1.907304,1.268461,1.215151,0.459477
1.411116,1.657919,-0.505305,2.158750
1.243283,1.298625,0.460616,0.877481
0.829807,0.340018,0.686800,-0.712382
0.757601,0.053742,0.661189,0.046593
1.551344,1.706227,1.685092,-1.683684
0.352140,1.261189,-0.659550,1.762400
0.288234,0.033514,-2.150300,-0.820523
1.635032,1.255380,-0.053394,-0.573599
1.520952,1.658282,2.397107,0.783507
0.142637,0.369234,1.061345,0.610743
0.884009,1.941021,-1.302901,1.300257
0.884406,1.565710,-0.073061,0.121185
0.338650,1.048459,-0.189816,-0.594031
0.557181,0.191317,-1.019056,0.634495
1.077383,0.870624,3.178122,0.820297
1.589907,1.115385,0.807163,-0.431505
0.205199,0.120500,-0.735486,1.671993
0.643685,0.813856,0.011326,2.701402
1.967399,1.081109,0.608815,1.029003
0.187975,0.766957,0.490487,0.996172
0.893084,1.601930,-0.466855,0.538215
0.812879,0.040269,0.847598,-1.161656
0.619389,0.154284,-0.017046,0.901443
1.761608,1.177237,0.780142,1.794285
0.150955,1.226593,-0.969693,3.712242
1.480398,0.019081,0.748949,1.394997
0.487418,1.184131,0.005341,0.989469
0.394033,0.662534,0.053363,1.111373
0.460391,1.612525,1.923381,0.681002
0.817988,1.380986,1.671337,3.523618
0.193175,0.715350,0.042658,0.804455
1.118938,1.968518,1.129465,0.483812
1.029346,0.178646,1.670746,-0.267838
1.747789,1.977933,1.146028,0.309490
1.274361,1.825430,0.097418,-0.547598
1.378650,1.559890,0.586980,-1.199784
1.343280,0.004500,1.491577,-1.430474
0.235515,1.406582,1.727836,0.250799
0.861725,0.953146,1.170118,0.766761
1.118003,0.063929,-0.722928,-0.100269
0.666315,0.139238,0.882541,0.085246
1.935969,1.188130,0.493712,2.603506
0.639793,0.823809,0.069043,0.540445
0.360650,1.961790,0.913887,0.794221
1.616687,0.953657,1.036961,0.176677
1.733241,1.510978,0.003818,-0.343530
0.849701,1.178211,-1.575713,1.056147
1.925493,0.326229,0.814800,-0.519334
0.603258,0.060288,1.049967,0.175684
0.178037,1.169428,0.291955,2.272748
0.661754,1.099950,-1.270929,-0.129308
0.486625,1.465142,0.212780,0.896209
1.803444,1.754620,-0.447895,-0.534901
0.127667,0.696743,-0.142978,0.641159
1.892095,1.039218,-0.632792,-0.371366
1.709786,1.104208,0.851408,0.839509
0.855944,1.296223,1.044806,-0.629501
0.417590,0.659863,-0.355647,0.822518
1.404733,1.034375,0.022829,-1.419533
1.534548,0.529564,-2.078760,-0.700900
0.755699,1.509452,1.483004,0.670994
1.543366,0.308796,0.517012,3.245341
1.125367,0.714697,0.947117,1.905894
1.535543,1.169548,2.054539,1.149883
0.520297,0.569665,1.212906,-0.083889
0.704131,0.221550,1.417959,-0.908530
0.835099,1.578638,0.362683,0.951727
0.412193,0.132085,0.943848,0.111445
1.404291,0.907954,0.098394,-0.113107
0.866664,0.082685,0.816639,0.466055
0.518992,1.667087,0.552397,0.580028
1.403079,1.333136,2.309955,1.518756
1.793883,0.536988,-0.383693,-0.184407
0.613048,1.590952,-0.346545,-0.406573
1.189680,1.419689,1.047277,0.758267
0.650599,1.251195,1.412247,2.246886
1.828716,0.585804,-0.621546,0.074942
1.496422,0.154975,0.972964,-1.447342
1.707725,1.444586,1.356659,-2.924419
1.779444,0.638302,1.709824,-0.300860
0.984119,1.663050,0.126001,4.025050
1.659526,1.540330,0.276904,-0.924225
0.273495,1.800748,-0.342957,0.644856
1.793227,0.969878,1.479497,-0.706231
0.463609,1.071360,0.561425,0.256204
0.772209,0.292462,0.191269,0.844037
1.247585,1.248953,-1.404526,1.627615
1.645044,1.486582,0.008021,0.133168
1.280961,1.823653,0.874855,1.367205
1.329824,1.806013,0.525733,0.936768
1.234267,0.258332,1.985126,-0.023986
0.420917,0.933826,0.715632,1.967691
1.373100,1.422838,1.015837,1.577749
0.343579,0.445869,-0.327938,0.721161
1.051354,1.776348,2.274121,1.759619
0.029821,0.469482,0.038880,-0.050636
1.976205,1.321506,0.392965,2.504924
0.893873,1.730343,-0.816432,-0.179691
0.038432,1.547718,-0.309916,1.320304
0.559459,0.334184,0.947228,0.677922
0.941289,1.722603,0.348930,1.758956
1.865393,0.300634,-0.006906,-0.396959
1.953623,0.456296,1.066364,-0.302563
1.477845,0.102343,-0.067149,1.334341
0.986127,1.916573,-0.821256,1.140623
0.783573,1.062209,2.236697,0.637020
1.749466,1.733596,1.617507,1.214950
1.514116,0.221736,2.196248,-0.159502
0.162128,0.314470,-0.637034,-0.488629
1.202523,1.497124,0.272321,0.599501
0.169884,1.667380,1.916441,1.546856
1.789290,0.862880,1.449469,-0.711322
0.379477,0.556095,0.412022,1.815939
1.579695,1.828737,0.257273,1.713941
1.339393,1.750382,-0.493062,1.018960
1.700230,1.081533,3.410614,0.494731
0.924091,0.473912,1.044757,0.807790
0.651897,1.287022,-0.307396,0.704440
1.563080,1.926482,-0.940468,1.485371
0.030261,0.937762,0.289217,1.092384
1.866698,1.359532,1.886828,0.726883
0.205115,1.788129,-0.253468,2.248574
0.852964,0.089953,0.001719,0.350162
1.063777,1.272338,1.169760,1.136640
1.959526,0.381147,-0.061091,0.848846
0.172114,0.086725,0.181059,-1.755247
0.445058,0.808192,0.243875,1.418090
1.355088,1.656525,0.073862,1.715399
1.228284,0.876143,1.107502,1.976315
0.966501,0.865663,0.648140,-0.516406
0.298546,1.911495,2.072058,0.378372
1.264700,1.071443,-0.011523,0.959155
0.477906,0.296221,2.469284,1.840192
1.197378,1.290414,1.930009,0.082086
0.253515,0.273473,-0.047429,0.999267
0.513937,1.649111,2.362745,0.422158
1.158817,0.440486,0.639600,-0.220016
0.034311,0.173839,-0.855870,-0.069494
1.726128,1.064841,1.444519,2.935173
1.008033,1.326988,-0.001125,1.567117
0.147872,0.094222,-1.161062,-0.464975
0.746223,1.618187,1.666034,0.466838
0.793917,1.415522,-1.086728,1.477815
0.319836,0.305602,1.403514,0.961846
1.442639,0.941353,0.476240,1.057589
0.908588,1.977159,0.079255,2.900037
1.457092,1.903567,1.261073,0.936486
1.915783,0.306538,1.137795,1.154642
0.378557,0.266519,-0.254385,1.902180
1.281943,0.163866,0.909197,-0.978885
0.740287,0.439549,1.323785,0.229334
1.251194,0.303743,0.861156,-0.458409
0.997362,0.355768,0.105017,-0.591134
1.654446,1.397049,-0.259976,1.995367
0.546234,1.671744,1.589272,1.186842
0.962243,1.057814,1.029324,0.836179
1.578581,0.172222,0.038428,0.234705
1.346676,0.012665,0.434159,0.182839
0.180677,1.636051,2.275318,0.550656
0.663836,1.703492,-0.722674,0.842275
1.111651,1.845815,0.086340,1.421166
1.933720,0.500230,0.992829,0.556234
1.600307,1.903630,0.269133,1.781537
1.211373,1.989842,-0.272062,1.866444
1.848526,1.571974,-0.433027,1.629158
0.221263,1.524800,1.823683,0.594644
0.047953,0.746030,-1.302339,2.399726
1.173927,0.043027,1.456258,-0.110587
0.617667,0.964482,1.059578,-0.980107
0.740048,0.490695,-0.240880,0.831577
0.090440,1.559928,-1.416775,0.410147
1.033609,0.714510,0.904420,-1.181849
1.467397,0.976262,0.209790,0.859418
0.338477,1.131790,-0.317117,1.069275
1.900552,0.771760,0.508268,1.201228
1.663368,1.605106,-0.678050,1.615239
1.153659,1.532826,2.511029,2.005287
1.497021,0.431455,0.740437,0.344033
